OrderID,OrderDate,Customer,Region,Product,Quantity,UnitPrice,Discount
1117,2025-12-14,Andres Molina,Oeste, Impresora,4,188.39,0.05
1122,2025-11-15, diego ramirez ,,Monitor,5,224.81,0.2
1015,2025-10-11,Carlos Ruiz,NORTE,Monitor,1,210.48,0
1076,2025-01-15,MARIA LOPEZ,norte , Teclado,7,43.85,0.05
1042,2025-10-27, luis herrera ,,Webcam,7,73.49,0.15
1167,2025-03-11,Camila Rojas, OESTE,Tablet,7,352.57,0.2
1016,2025-09-06,Carlos Ruiz,Centro,Tablet,4,350.45,0.15
1012,2025-09-08, maria lopez ,Este,Auriculares,4,58.44,
1170,2025-01-09, carlos ruiz ,Norte,Laptop,1,925.75,0.05
1138,2025-11-25,Ana Gomez,CENTRO,Webcam,-1,77.57,N/A
1187,2025-10-16,Carlos Ruiz,Oeste,Impresora,3,184.6,0
1061,2025-12-18,Carlos Ruiz,Centro, Impresora,4,173.07,0.1
1145,2025-05-28,JUAN PEREZ,Oeste,Mouse,2,17.81,0.1
1025,2025-03-01,Juan Perez,sur ,Webcam,11,72.78,0.2
1024,2025-03-22,Diego Ramirez,Este, Laptop,9,965.95,0
1088,2025-11-27, pedro sanchez ,ESTE, Tablet,4,326.12,0.2
1159,2025-06-19,Ana Gomez,,Webcam,10,77.18,0.05
1059,2025-06-02,Andres Molina,Este,Mouse ,4,19.33,0.1
1114,2025-04-20,Pedro Sanchez,OESTE,Teclado,2,43.1,0.2
1105,2025-05-05,Sofia Torres,CENTRO,Webcam ,3,72.91,0
1178,2025-08-29,Pedro Sanchez,,Monitor,1,225.31,0.2
1139,2025-10-23,Laura Diaz, CENTRO,Tablet,9,353.23,0.1
1096,2025-03-08, valentina cruz ,Centro,Impresora,11,177.36,0.15
1115,2025-01-20,CAMILA ROJAS,CENTRO, Teclado,12,43.56,0.05
1184,2025-12-23,CARLOS RUIZ,Norte, Laptop,7,911.38,N/A
1150,2025-07-31, luis herrera ,Centro,Laptop,9,969.55,0.1
1152,2025-05-07,Laura Diaz,Sur,Auriculares,12,61.23,0.1
1001,2025-11-24, juan perez ,este , Mouse,9,18.83,N/A
1023,2025-02-07,Maria Lopez  ,Centro,Monitor,3,220.13,0
1040,2025-11-23,Laura Diaz,CENTRO  ,Tablet,5,325.63,0.1
1026,2025-01-27,Juan Perez,ESTE,Teclado,5,45.62,0.15
1003,2025-08-05,PEDRO SANCHEZ,Sur, Mouse,6,18.28,0.2
1148,2025-09-01,MARIA LOPEZ,Norte,Laptop,5,959.21,0.2
1172,2025-12-05, valentina cruz ,este ,Teclado,7,45.57,0
1021,2025-02-11, ana gomez ,Norte, Mouse,10,19.32,N/A
1037,2025-02-07,Diego Ramirez  ,CENTRO,Tablet,3,336.59,0
1068,2025-05-03, luis herrera ,CENTRO,Monitor ,2,230.83,0
1189,2025-04-27,Pedro Sanchez, OESTE, Impresora,10,172.54,0.05
1041,2025-03-12, ana gomez ,Sur,Impresora,8,176.96,0.05
1104,2025-10-22,Sofia Torres,oeste ,Webcam,10,72.54,
1027,2025-01-05, juan perez ,Sur,Teclado ,1,44.68,0
1136,2025-10-10,Camila Rojas, SUR,Laptop,9,981.48,0.05
1091,2025-05-16, maria lopez ,Oeste,Tablet ,6,338.24,0
1133,2025-08-16,Juan Perez,Este,Auriculares,3,62.35,0.05
1116,2025-07-06,Camila Rojas,Oeste,Tablet ,4,330.96,0.15
1174,2025-08-26,Maria Lopez,Oeste, Monitor,6,214.61,0.15
1166,2025-04-22, andres molina ,oeste ,Laptop,2,991.29,N/A
1095,2025-06-10,SOFIA TORRES, ESTE,Tablet,2,325.28,0
1091,2025-05-16, maria lopez ,Oeste,Tablet ,6,338.24,0
1008,2025-10-03,Laura Diaz,Oeste,Monitor,3,230.94,0
1080,2025-01-26,Andres Molina,Este,Webcam,4,72.89,0.05
1027,2025-01-05, juan perez ,Sur,Teclado ,1,44.68,0
1019,2025-01-31,ANA GOMEZ,oeste ,Tablet,12,332.7,0.2
1130,2025-01-16,Ana Gomez,OESTE,Webcam,0,73.97,0.05
1151,2025-07-12,Pedro Sanchez,Oeste,Webcam ,12,76.32,0.1
1074,2025-05-16,Pedro Sanchez,Oeste, Impresora,11,188.17,0.15
1023,2025-02-07,Maria Lopez  ,Centro,Monitor,3,220.13,0
1140,2025-12-17,SOFIA TORRES,Norte,Impresora,4,179.72,0.05
1110,2025-02-01, diego ramirez ,Este,Teclado,12,42.93,0.15
1045,2025-06-17,Pedro Sanchez,oeste ,Impresora,2,175.54,N/A
1125,2025-12-23,Diego Ramirez,SUR,Tablet,-1,324.26,0
1185,2025-03-29,Juan Perez  ,Oeste, Mouse,1,19.23,0.2
1050,2025-07-05,Camila Rojas,Oeste,Auriculares,9,60.7,0.15
1060,2025-03-30, valentina cruz , NORTE,Tablet,4,332.9,0.1
1163,2025-08-30,Valentina Cruz,Sur, Mouse,9,18.55,0
1048,2025-10-22,Camila Rojas, OESTE,Mouse,11,18.67,0.1
1121,2025-02-10,MARIA LOPEZ,Sur,Impresora,5,173.0,N/A
1175,2025-04-08,MARIA LOPEZ,Centro,Monitor ,10,226.7,0.2
1067,2025-09-13,Camila Rojas  ,norte ,Auriculares,12,59.63,0
1066,2025-05-10, pedro sanchez ,Oeste,Laptop,9,964.98,0
1029,2025-06-20,Sofia Torres,sur ,Mouse,1,18.28,0.05
1034,2025-06-17,Sofia Torres,CENTRO,Impresora,3,183.19,0.1
1013,2025-02-05,Valentina Cruz,Sur,Teclado,10,43.94,0.05
1164,2025-10-08, valentina cruz ,CENTRO,Tablet,4,326.95,
1120,2025-11-29,Pedro Sanchez,SUR, Tablet,3,346.67,0.15
1056,2025-10-01,ANA GOMEZ,Norte,Teclado,8,45.62,0
1177,2025-05-03,VALENTINA CRUZ, ESTE,Webcam,6,73.56,0.15
1155,2025-05-05,Maria Lopez,centro ,Mouse,12,18.34,N/A
1073,2025-10-30,Pedro Sanchez,OESTE,Laptop,7,971.13,
1006,2025-05-06,Ana Gomez  ,Este,Monitor,1,224.06,0
1079,2025-07-16, diego ramirez ,Oeste,Auriculares,11,57.13,0
1132,2025-07-18, valentina cruz ,Este,Auriculares,8,61.16,0.05
1115,2025-01-20,CAMILA ROJAS,CENTRO, Teclado,12,43.56,0.05
1032,2025-06-10,Sofia Torres,CENTRO,Monitor,12,214.6,0.2
1014,2025-12-20,Carlos Ruiz,Oeste, Tablet,8,353.59,
1011,2025-09-17,Juan Perez,Este,Monitor,3,212.36,0.2
1165,2025-01-29, diego ramirez ,, Tablet,5,345.87,0.15
1135,2025-09-03,Valentina Cruz  ,Oeste,Webcam,8,76.07,0.2
1137,2025-04-26,Pedro Sanchez,Centro, Auriculares,9,58.18,0.1
1090,2025-05-22,Ana Gomez,centro , Laptop,6,915.02,0.05
1131,2025-07-10,Diego Ramirez,CENTRO,Webcam,4,76.12,0
1005,2025-04-30,JUAN PEREZ,Oeste,Webcam ,11,73.91,0
1070,2025-02-05,Laura Diaz,oeste ,Auriculares,5,61.92,0.2
1128,2025-11-05,Ana Gomez,ESTE,Auriculares,10,58.84,0.05
1146,2025-03-15,Carlos Ruiz,,Teclado,8,45.96,0.05
1169,2025-09-30,Sofia Torres,SUR  ,Monitor,12,229.62,0
1181,2025-11-19, carlos ruiz ,SUR,Webcam,11,71.7,0.2
1132,2025-07-18, valentina cruz ,Este,Auriculares,8,61.16,0.05
1141,2025-06-26, sofia torres ,Este,Monitor,5,219.26,
1062,2025-03-26,Laura Diaz,Centro,Tablet,12,346.42,0.1
1149,2025-10-26, diego ramirez ,Centro,Monitor,12,209.69,0
1058,2025-03-18,Andres Molina,Norte,Impresora,10,181.91,0.2
1010,2025-10-02,Laura Diaz,ESTE,Tablet,12,323.11,0.1
1049,2025-03-03,Andres Molina,Este, Mouse,0,18.51,0.15
1162,2025-12-27,Laura Diaz, ESTE,Teclado,8,44.9,0.2
1055,2025-12-20, ana gomez ,oeste , Auriculares,4,62.88,0.1
1092,2025-11-11,Maria Lopez,centro ,Laptop,8,908.28,0.15
1171,2025-01-29,Ana Gomez,este , Webcam,11,75.58,0.05
1153,2025-05-21, laura diaz , CENTRO, Webcam,3,78.41,0.1
1033,2025-12-10,CARLOS RUIZ,Norte,Webcam,2,76.23,0.1
1031,2025-12-14,VALENTINA CRUZ,NORTE,Teclado,0,45.36,0.2
1039,2025-08-15,Andres Molina, CENTRO,Tablet ,12,353.51,0.15
1142,2025-07-16,Andres Molina  ,Sur,Webcam,3,72.67,0.2
1018,2025-05-08,Juan Perez  ,CENTRO,Laptop,4,994.55,0.15
1168,2025-03-02,Ana Gomez,Oeste,Monitor,1,227.37,0.15
1087,2025-11-12,Sofia Torres,ESTE,Tablet,4,338.12,0
1053,2025-10-12,Carlos Ruiz,,Auriculares,12,58.33,0.2
1129,2025-01-22,Luis Herrera,Este,Laptop,11,909.63,0.2
1143,2025-09-12, maria lopez ,Oeste,Monitor,-2,221.83,0.2
1109,2025-02-16,Andres Molina,OESTE  ,Laptop,10,945.22,0.1
1105,2025-05-05,Sofia Torres,CENTRO,Webcam ,3,72.91,0
1009,2025-03-20, camila rojas ,Oeste, Tablet,9,340.99,0
1089,2025-06-20,Carlos Ruiz,centro ,Monitor,4,221.9,0.05
1107,2025-09-10,Diego Ramirez, CENTRO,Webcam,11,77.73,
1179,2025-03-20,CARLOS RUIZ,Oeste,Webcam,8,73.18,0.15
1103,2025-03-31,ANA GOMEZ,Sur,Webcam,-1,71.79,0.15
1057,2025-08-14, pedro sanchez ,norte , Mouse,7,19.1,0.2
1054,2025-06-26,Sofia Torres,centro ,Auriculares,4,58.84,0.05
1119,2025-04-24,Diego Ramirez, NORTE, Webcam,2,73.02,0
1007,2025-02-03,Carlos Ruiz,Centro,Tablet,11,336.45,0.1
1047,2025-04-22,Diego Ramirez,ESTE,Mouse,3,19.01,0
1190,2025-03-20,Sofia Torres,Sur, Mouse,5,17.74,
1030,2025-06-29,Laura Diaz,sur ,Impresora,2,176.91,0.1
1094,2025-05-31,Diego Ramirez,OESTE,Monitor,4,218.46,0.15
1101,2025-08-15,Camila Rojas  , CENTRO,Mouse,2,18.21,0.2
1072,2025-07-30,MARIA LOPEZ,Oeste, Impresora,11,188.79,0.15
1097,2025-05-28,ANDRES MOLINA,Norte,Tablet,2,330.62,0.2
1142,2025-07-16,Andres Molina  ,Sur,Webcam,3,72.67,0.2
1111,2025-07-06,Pedro Sanchez, OESTE,Laptop,11,977.48,
1126,2025-07-23,Valentina Cruz  ,Norte,Webcam,1,77.72,0.1
1007,2025-02-03,Carlos Ruiz,Centro,Tablet,11,336.45,0.1
1082,2025-10-04,Pedro Sanchez,Este,Tablet,5,355.89,0.1
1157,2025-01-20,Ana Gomez  ,, Impresora,3,185.18,0.1
1046,2025-04-25, camila rojas ,Norte, Monitor,10,227.46,0.05
1081,2025-11-27,MARIA LOPEZ,OESTE, Teclado,5,43.16,0.15
1123,2025-04-06,Camila Rojas,Centro, Laptop,-2,939.59,0.1
1052,2025-09-07,CARLOS RUIZ,este ,Auriculares,9,60.33,0
1083,2025-02-08,Ana Gomez,Sur,Impresora,9,188.41,N/A
1173,2025-12-10,Sofia Torres,Este,Auriculares,9,59.26,0.05
1160,2025-07-27,Sofia Torres, NORTE,Teclado,0,44.9,0.15
1111,2025-07-06,Pedro Sanchez, OESTE,Laptop,11,977.48,
1156,2025-03-22,Sofia Torres,OESTE  ,Auriculares,-1,58.93,0.2
1113,2025-02-13,Laura Diaz,Este,Mouse ,7,18.77,0
1085,2025-11-09,Carlos Ruiz,Oeste, Impresora,1,173.1,0.1
1143,2025-09-12, maria lopez ,Oeste,Monitor,-2,221.83,0.2
1086,2025-05-01, valentina cruz , OESTE,Impresora,12,181.57,0.15
1102,2025-01-24,CARLOS RUIZ,CENTRO,Monitor,5,225.88,N/A
1002,2025-04-30,Valentina Cruz,CENTRO,Impresora ,10,174.97,0
1182,2025-01-09,Maria Lopez,OESTE,Auriculares,0,60.21,0.15
1035,2025-06-05, laura diaz ,Centro,Tablet,4,338.03,0.05
1028,2025-05-08, camila rojas ,Centro, Teclado,4,46.92,0.05
1118,2025-09-04,Pedro Sanchez,Norte,Mouse,3,18.1,0.2
1051,2025-05-18,Pedro Sanchez,norte ,Tablet,11,342.37,0
1158,2025-10-18, andres molina ,este ,Tablet,3,353.23,0.15
1153,2025-05-21, laura diaz , CENTRO, Webcam,3,78.41,0.1
1180,2025-06-30, ana gomez ,CENTRO  ,Laptop,2,952.27,0
1161,2025-06-18,Laura Diaz,CENTRO,Monitor,2,210.37,0.05
1064,2025-12-11,Laura Diaz,SUR  ,Auriculares,10,58.09,0.15
1065,2025-07-29,PEDRO SANCHEZ,Norte, Tablet,7,332.8,N/A
1093,2025-08-16,Juan Perez,Este,Auriculares,10,60.75,0.1
1020,2025-04-08, laura diaz ,Norte,Webcam,10,71.68,0.2
1124,2025-02-04, pedro sanchez ,Norte,Webcam,6,72.25,0.05
1077,2025-07-15,Andres Molina,Oeste,Tablet,8,344.69,0
1108,2025-06-05,Laura Diaz,Este,Tablet,6,324.28,0
1071,2025-03-18,Diego Ramirez,este ,Impresora ,6,179.2,0.05
1112,2025-05-26,Laura Diaz,Centro,Teclado,5,46.88,0.15
1043,2025-11-05,Carlos Ruiz  ,,Webcam,7,76.27,0.15
1017,2025-01-28,Camila Rojas,NORTE,Mouse,4,18.04,0.05
1038,2025-02-24, sofia torres ,CENTRO  ,Mouse,8,18.42,0.2
1127,2025-08-12,Sofia Torres,oeste , Tablet,9,335.49,0
1183,2025-02-24,Juan Perez,SUR,Webcam ,7,73.25,0.15
1078,2025-05-28,Camila Rojas, NORTE,Auriculares ,7,60.83,0.15
1069,2025-05-30,Valentina Cruz,Oeste,Monitor,3,219.05,0.2
1036,2025-12-06,Camila Rojas,Norte,Auriculares,4,58.35,0
1188,2025-01-28,Juan Perez  ,norte ,Impresora,0,188.44,0.1
1098,2025-10-21,Carlos Ruiz,Centro,Laptop,11,960.35,N/A
1176,2025-06-20,Laura Diaz,norte ,Mouse,8,18.96,0.2
1044,2025-10-01,Maria Lopez,,Impresora ,8,173.44,0.1
1134,2025-03-04,Carlos Ruiz,,Webcam,9,74.76,
1147,2025-06-17,ANDRES MOLINA,Oeste,Auriculares,9,60.56,0.2
1063,2025-02-11, andres molina ,Oeste, Laptop,11,911.18,0.2
1144,2025-08-29,Laura Diaz, NORTE,Webcam,-1,76.98,0.2
1186,2025-02-08,Camila Rojas,,Webcam,4,71.37,0.15
1022,2025-12-03,Andres Molina,Este,Webcam,7,73.04,0.1
1100,2025-07-12,Sofia Torres  , SUR, Mouse,3,19.21,N/A
1106,2025-06-28,Pedro Sanchez,sur ,Monitor,3,212.82,0
1075,2025-02-05,Carlos Ruiz,Este,Impresora,11,188.61,0
1004,2025-08-24, valentina cruz ,OESTE,Webcam,-3,75.58,0.05
1099,2025-06-08,PEDRO SANCHEZ,Sur,Impresora,12,172.25,
1084,2025-08-21,Pedro Sanchez,Este,Webcam,4,72.06,0.2
1024,2025-03-22,Diego Ramirez,Este, Laptop,9,965.95,0
1154,2025-08-15,CAMILA ROJAS,oeste ,Auriculares,12,62.6,0
